{
  "high_score": 1305,
  "history": [
    {
      "date": "2025-06-20",
      "time": "03:26:03",
      "score": 765
    },
    {
      "date": "2025-06-20",
      "time": "03:47:03",
      "score": 1005
    },
    {
      "date": "2025-06-23",
      "time": "18:47:38",
      "score": 1205
    },
    {
      "date": "2025-06-26",
      "time": "10:58:19",
      "score": 1305
    },
    {
      "date": "2025-06-26",
      "time": "15:06:54",
      "score": 1090
    }
  ],
  "saved_game": null
}